project_name,project_phase,developer,canonical_micro_market,property_type,property_segment,launched_units,bhk,unit_size,price_per_sqft,price_type,launch_date,rera_number,physical_development_id,source,source_quality
Adarsh Palm Acres III,Phase 1,Adarsh Developers,Bagalur,Villa,Luxury,196,4.5,796400.0,17285.0,new_launch,2021-06-01,PRM/KA/RERA/1251/472/PR/180516/001740,Adarsh Palm Acres,Bagaluru Micro Market Analysis (Projects List),ACCEPTED
Aurum at Brigade El Dorado,Phase 1,Brigade Enterprises Limited,Bagalur,Residential,Mid,635,2.5,883228.0,5265.0,new_launch,2021-06-01,PRM/KA/RERA/1251/472/PR/200604/003444,Brigade El Dorado,Bagaluru Micro Market Analysis (Projects List),ACCEPTED
"Brigade El Dorado ( Diora ,Cobalt  & Beryl) (Diora)",Phase 1,Brigade Enterprises Limited,Bagalur,Residential,Mid,525,2.0,502530.0,8600.0,new_launch,2021-06-01,PRM/KA/RERA/1251/472/PR/210302/003976,Brigade El Dorado,Bagaluru Micro Market Analysis (Projects List),ACCEPTED
"Brigade El Dorado ( Diora ,Cobalt  & Beryl) (Cobalt )",Phase 1,Brigade Enterprises Limited,Bagalur,Residential,Mid,948,1.0,508128.0,8860.0,new_launch,2021-06-01,PRM/KA/RERA/1251/472/PR/210302/003977,Brigade El Dorado,Bagaluru Micro Market Analysis (Projects List),ACCEPTED
"Brigade El Dorado ( Diora ,Cobalt  & Beryl) (Beryl)",Phase 1,Brigade Enterprises Limited,Bagalur,Residential,Mid,800,1.5,585250.0,9345.0,new_launch,2021-06-01,PRM/KA/RERA/1251/472/PR/210302/003978,Brigade El Dorado,Bagaluru Micro Market Analysis (Projects List),ACCEPTED
Emerald & Luminaire At Brigade El Dorado (Luminaire ),Phase 1,Brigade Enterprises Limited,Bagalur,Residential,Mid,250,2.5,269915.0,4800.0,new_launch,2021-06-01,PRM/KA/RERA/1251/472/PR/190427/002540,Brigade El Dorado,Bagaluru Micro Market Analysis (Projects List),ACCEPTED
"Godrej Ananda III (Soul) (Tower H,J, K & N)","Tower H,J, K & N",Godrej Properties Limited,Bagalur,Residential,Mid,1163,2.0,1011710.0,7537.0,new_launch,2021-06-01,PRM/KA/RERA/1251/309/PR/210331/004084,Godrej Ananda,Bagaluru Micro Market Analysis (Projects List),ACCEPTED
Godrej Ananda III (Soul) (Tower P),Tower P,Godrej Properties Limited,Bagalur,Residential,Mid,349,2.5,471604.0,7537.0,new_launch,2021-06-01,PRM/KA/RERA/1251/309/PR/210331/004084,Godrej Ananda,Bagaluru Micro Market Analysis (Projects List),ACCEPTED
Godrej Ananda III (Soul) (Tower M),Tower M,Godrej Properties Limited,Bagalur,Residential,Mid,349,2.5,501052.0,7775.0,new_launch,2021-06-01,PRM/KA/RERA/1251/309/PR/210331/004084,Godrej Ananda,Bagaluru Micro Market Analysis (Projects List),ACCEPTED
Godrej Ananda III (Soul) (Tower L ),Tower L,Godrej Properties Limited,Bagalur,Residential,Mid,349,2.5,501052.0,7775.0,new_launch,2021-06-01,PRM/KA/RERA/1251/309/PR/210331/004084,Godrej Ananda,Bagaluru Micro Market Analysis (Projects List),ACCEPTED
"Kalyani Living Tree (Tower 1,2,5 & 6)","Tower 1,2,5 & 6",Kalyani Developers,Bagalur,Residential,Mid,1686,2.0,1396092.0,7490.0,new_launch,2021-06-01,PRM/KA/RERA/1251/472/PR/210608/004185,Kalyani Living Tree,Bagaluru Micro Market Analysis (Projects List),ACCEPTED
Kalyani Living Tree (Tower 3 & 4),Tower 3 & 4,Kalyani Developers,Bagalur,Residential,Mid,500,2.0,657000.0,7700.0,new_launch,2021-06-01,PRM/KA/RERA/1251/472/PR/210608/004185,Kalyani Living Tree,Bagaluru Micro Market Analysis (Projects List),ACCEPTED
Kumar Plumeria,Phase 1,Kumar Properties,Bagalur,Residential,Luxury,100,4.5,287660.0,10500.0,new_launch,2021-06-01,PRM/KA/RERA/1251/472/PR/190722/002706,Kumar Plumeria,Bagaluru Micro Market Analysis (Projects List),ACCEPTED
North Park,Phase 1,MJR Builders,Bagalur,Residential,Mid,354,2.0,340260.0,7625.0,new_launch,2021-06-01,PRM/KA/RERA/1251/472/PR/201124/003714,North Park,Bagaluru Micro Market Analysis (Projects List),ACCEPTED
NVG Rakshak,Phase 1,Nvg Projects,Bagalur,Residential,Mid,390,2.0,388550.0,7850.0,new_launch,2021-06-01,PRM/KA/RERA/1251/472/PR/210118/003790,NVG Rakshak,Bagaluru Micro Market Analysis (Projects List),ACCEPTED
Provident Ecopolitan,Phase 1,Puravankara Limited,Bagalur,Residential,Mid,956,2.0,1053543.0,6342.0,new_launch,2021-06-01,PRM/KA/RERA/1250/303/PR/250823/006190,Provident Ecopolitan,Bagaluru Micro Market Analysis (Projects List),ACCEPTED
Provident Ecopolitan V,Phase 1,Puravankara Limited,Bagalur,Residential,Mid,581,2.5,363636.0,8581.0,new_launch,2021-06-01,PRM/KA/RERA/1250/303/PR/250823/006190,Provident Ecopolitan,Bagaluru Micro Market Analysis (Projects List),ACCEPTED
Sri Sai Dev Enclave Phase I,Phase 1,Sri Sai Dev Enclave,Bagalur,Residential,Mid,152,2.0,213422.0,3950.0,new_launch,2021-06-01,PRM/KA/RERA/1250/303/PR/190307/002470,Sri Sai Dev Enclave Phase I,Bagaluru Micro Market Analysis (Projects List),ACCEPTED
Evergreen at Prestige Raintree Park,Phase 1,Prestige Estates Projects Ltd,Whitefield,Residential,Premium,1368,4.0,2852.5,14000.0,new_launch,2024-08-27,PRM/KA/RERA/1251/446/PR/270824/006981,Prestige Raintree Park,Prestige Q2 FY25 Investor Presentation,ACCEPTED
Prestige Somerville,Phase 1,Prestige Estates Projects Ltd,Whitefield,Residential,Luxury,306,3.0,2477.5,13500.0,new_launch,2024-02-29,PRM/KA/RERA/1251/446/PR/290224/006660,Prestige Somerville,Prestige Q4 FY24 Investor Presentation,ACCEPTED
Brigade Sanctuary,Phase 1,Brigade Enterprises Limited,Whitefield,Residential,Mid-Premium,1275,2.5,1570.0,9200.0,new_launch,2023-11-04,PRM/KA/RERA/1251/446/PR/041123/006372,Brigade Sanctuary,Brigade Q3 FY24 Investor Presentation,ACCEPTED
Godrej Woodscapes,Phase 1,Godrej Properties Limited,Old Madras Road-Budigere Cross,Residential,Mid-Premium,2000,3.0,2048.0,9000.0,new_launch,2024-05-30,PRM/KA/RERA/1250/304/PR/300524/006886,Godrej Woodscapes,Godrej Properties Q1 FY25 Operational Update,ACCEPTED
Assetz 66 & Shibui,Phase 1,Assetz Property Group,Whitefield,Residential,Luxury,380,3.5,2502.0,14500.0,new_launch,2025-03-28,PRM/KA/RERA/1251/446/PR/280325/007621,Assetz 66 & Shibui,Karnataka RERA Project Gazette 2025,ACCEPTED
Assetz Ren & Rei,Phase 1,Assetz Property Group,Sarjapur Road,Residential,Mid-Premium,420,3.0,1750.0,9400.0,new_launch,2025-02-13,PRM/KA/RERA/1251/446/PR/130225/007501,Assetz Ren & Rei,Karnataka RERA Project Gazette 2025,ACCEPTED
Sobha Crystal Meadows,Phase 1,Sobha Limited,Sarjapur Road,Residential,Luxury,290,4.0,4350.0,18500.0,new_launch,2024-03-20,PRM/KA/RERA/1251/308/PR/200324/006728,Sobha Crystal Meadows,Sobha Q4 FY24 Operational Update,ACCEPTED
Sobha Neopolis,Phase 1 to Phase 5,Sobha Limited,ORR Marathahalli-Sarjapur-HSR,Residential,Premium,1875,2.5,1570.5,13500.0,new_launch,2023-09-20,PRM/KA/RERA/1251/446/PR/200923/006269,Sobha Neopolis,Sobha Q2 FY24 Operational Update,ACCEPTED
Assetz Mizumi Reserve,Phase 1,Assetz Property Group,ORR Marathahalli-Sarjapur-HSR,Residential,Luxury,312,3.0,1973.0,15500.0,new_launch,2026-02-04,PRM/KA/RERA/1251/310/PR/040226/008450,Assetz Mizumi Reserve,Karnataka RERA Project Gazette 2026,ACCEPTED
Purva Meraki,Phase 1,Puravankara Limited,ORR Marathahalli-Sarjapur-HSR,Residential,Ultra-Luxury,44,3.5,3109.5,16500.0,new_launch,2024-01-25,PRM/KA/RERA/1251/310/PR/250124/006598,Purva Meraki,Puravankara Q4 FY24 Investor Presentation,ACCEPTED
Assetz Codename Altitude,Phase 1,Assetz Property Group,Kanakapura Road,Residential,Mid-Premium,380,2.5,1550.0,9200.0,new_launch,2025-06-13,PRM/KA/RERA/1251/310/PR/130625/007828,Assetz Codename Altitude,Karnataka RERA Project Gazette 2025,ACCEPTED
Shriram Songs of the Earth,Phase 1,Shriram Properties Limited,Electronic City,Residential,Mid,480,2.5,1150.0,6400.0,new_launch,2025-06-12,PRM/KA/RERA/1251/310/PR/120625/007819,Shriram Songs of the Earth,Shriram Properties Q1 FY26 Investor Presentation,ACCEPTED
Shriram Codename Ultimate,Phase 1,Shriram Properties Limited,Electronic City,Residential,Mid,414,2.5,1050.0,6100.0,new_launch,2024-02-09,PRM/KA/RERA/1251/310/PR/090224/006616,Shriram Codename Ultimate,Shriram Properties Q4 FY24 Investor Presentation,ACCEPTED
Provident Deansgate,Phase 1,Provident Housing Limited,Devanahalli-Airport Road,Residential,Mid-Premium,288,3.0,2050.0,7500.0,new_launch,2023-11-28,PRM/KA/RERA/1250/303/PR/281123/006443,Provident Deansgate,Puravankara Q3 FY24 Investor Presentation,ACCEPTED
Birla Trimaya,Phase 1 (The Hill),Birla Estates Private Limited,Devanahalli-Airport Road,Residential,Mid-Premium,550,2.0,1245.5,7400.0,new_launch,2023-08-30,PRM/KA/RERA/1250/303/PR/300823/006200,Birla Trimaya,Birla Estates Q2 FY24 Operational Release,ACCEPTED
Brigade Insignia,Phase 1,Brigade Enterprises Limited,Hebbal-Bellary Road,Residential,Luxury,379,3.5,2447.0,11500.0,new_launch,2024-05-18,PRM/KA/RERA/1251/309/PR/180524/006894,Brigade Insignia,Brigade Q1 FY25 Investor Presentation,ACCEPTED
Century WinningKind,Phase 1,Century Real Estate Holdings,Jakkur-Yelahanka,Residential,Mid-Premium,620,2.5,1457.5,9500.0,new_launch,2026-03-20,PRM/KA/RERA/1251/309/PR/200326/008542,Century WinningKind,Karnataka RERA Project Registration Gazette 2026,ACCEPTED
Assetz Zen & Sato,Phase 1,Assetz Property Group,Jakkur-Yelahanka,Residential,Premium,340,3.5,2050.0,10800.0,new_launch,2025-05-08,PRM/KA/RERA/1251/472/PR/080525/007728,Assetz Zen & Sato,Karnataka RERA Project Gazette 2025,ACCEPTED
Brigade Citrine,Phase 1,Brigade Enterprises Limited,Old Madras Road-Budigere Cross,Residential,Mid-Premium,496,3.0,1815.0,8400.0,new_launch,2024-12-13,PRM/KA/RERA/1250/304/PR/131224/007287,Brigade Citrine,Brigade Q3 FY25 Investor Presentation,ACCEPTED
Birla Ojasvi,Phase 1,Birla Estates Private Limited,Mysore Road-Uttarahalli-Magadi Road,Residential,Premium,630,2.5,1906.5,9800.0,new_launch,2024-09-04,PRM/KA/RERA/1251/310/PR/040924/006989,Birla Ojasvi,Birla Estates Q2 FY25 Operational Release,ACCEPTED
Century Regalia,Phase 1,Century Real Estate Holdings,Indiranagar-Richmond Town-Vasanth Nagar,Residential,Ultra-Luxury,184,3.5,3487.5,18000.0,new_launch,2024-05-17,PRM/KA/RERA/1251/446/PR/170524/006883,Century Regalia,Karnataka RERA Project Registration Gazette 2024,ACCEPTED
Prestige Southern Star,Phase 1,Prestige Estates Projects Ltd,Hosur Road-Begur,Residential,Premium,2090,2.5,1725.0,10500.0,new_launch,2025-03-21,PRM/KA/RERA/1251/310/PR/210325/007603,Prestige Southern Star,Prestige Q4 FY25 Investor Presentation,ACCEPTED
Prestige Camden Gardens,Phase 1,Prestige Estates Projects Ltd,Thanisandra-Hennur,Residential,Premium,120,3.5,2155.0,12500.0,new_launch,2024-06-12,PRM/KA/RERA/1251/472/PR/120624/006900,Prestige Camden Gardens,Prestige Q1 FY25 Investor Presentation,ACCEPTED
Prestige Pine Forest,Phase 1,Prestige Estates Projects Ltd,Whitefield,Residential,Luxury,316,3.5,2999.0,13200.0,new_launch,2024-09-25,PRM/KA/RERA/1251/446/PR/250924/007050,Prestige Pine Forest,Prestige Q2 FY25 Investor Presentation,ACCEPTED
Sobha Ayana,Phase 1,Sobha Limited,ORR Marathahalli-Sarjapur-HSR,Residential,Luxury,480,1.5,925.0,14000.0,new_launch,2024-10-14,PRM/KA/RERA/1251/446/PR/141024/007130,Sobha Ayana,Sobha Q3 FY25 Investor Presentation,ACCEPTED
Sobha Infinia,Phase 1,Sobha Limited,Koramangala,Residential,Ultra-Luxury,340,3.5,2750.0,22000.0,new_launch,2024-06-28,PRM/KA/RERA/1251/310/PR/280624/006950,Sobha Infinia,Sobha Q1 FY25 Investor Presentation,ACCEPTED
Brigade Valencia - Bonito,Phase 2,Brigade Enterprises Limited,Electronic City,Residential,Mid-Premium,540,2.5,1235.0,7000.0,new_launch,2024-01-24,PRM/KA/RERA/1251/308/PR/240124/006580,Brigade Valencia,Brigade Q4 FY24 Investor Presentation,ACCEPTED
Purva Aerocity,Phase 1,Puravankara Limited,Devanahalli-Airport Road,Residential,Premium,320,2.75,1700.0,8500.0,new_launch,2024-06-20,PRM/KA/RERA/1250/303/PR/200624/006930,Purva Aerocity,Puravankara Q1 FY25 Investor Presentation,ACCEPTED
Godrej Lakeside Orchard,Phase 1,Godrej Properties Limited,Sarjapur Road,Residential,Premium,1050,3.25,1947.5,11000.0,new_launch,2024-10-04,PRM/KA/RERA/1251/308/PR/041024/007115,Godrej Lakeside Orchard,Godrej Properties Q3 FY25 Investor Presentation,ACCEPTED
Shriram Solitaire,Phase 1,Shriram Properties Limited,Jakkur-Yelahanka,Residential,Mid,196,2.5,1215.0,7800.0,new_launch,2024-04-29,PRM/KA/RERA/1251/309/PR/290424/006840,Shriram Solitaire,Shriram Q1 FY25 Investor Presentation,ACCEPTED
Mahindra Zen,Phase 1,Mahindra Lifespaces,Hosur Road-Begur,Residential,Premium,256,3.5,2090.0,11200.0,new_launch,2024-03-15,PRM/KA/RERA/1251/310/PR/150324/006710,Mahindra Zen,Mahindra Lifespaces Q4 FY24 Investor Presentation,ACCEPTED
Total Environment Down by the Water,Phase 1,Total Environment Building Systems,Jakkur-Yelahanka,Residential,Ultra-Luxury,540,3.5,3600.0,17000.0,new_launch,2024-06-06,PRM/KA/RERA/1251/309/PR/060624/006915,Total Environment Down by the Water,Karnataka RERA Gazette 2024,ACCEPTED
Casagrand Zaiden,Phase 1,Casagrand Builder Private Limited,Thanisandra-Hennur,Residential,Mid-Premium,246,2.5,1485.0,8400.0,new_launch,2024-01-19,PRM/KA/RERA/1251/472/PR/190124/006560,Casagrand Zaiden,Karnataka RERA Gazette 2024,ACCEPTED
TVS Emerald Isle of Trees,Phase 1,TVS Emerald (Emerald Haven Realty Ltd),Thanisandra-Hennur,Residential,Luxury,154,3.5,1950.0,10500.0,new_launch,2024-03-01,PRM/KA/RERA/1251/472/PR/010324/006670,TVS Emerald Isle of Trees,Karnataka RERA Gazette 2024,ACCEPTED
Rohan Antara,Phase 1,Rohan Builders,Whitefield,Residential,Mid-Premium,178,2.25,1250.0,9200.0,new_launch,2023-12-20,PRM/KA/RERA/1251/446/PR/201223/006490,Rohan Antara,Karnataka RERA Gazette 2023,ACCEPTED
