project_name,project_phase,developer,raw_location,canonical_micro_market,property_type,property_segment,launched_units,bhk_min,bhk_max,unit_size_sqft_min,unit_size_sqft_max,price_per_sqft,price_type,price_date,launch_date,rera_number,source_name,source_url,source_type,source_document,source_page_or_slide,data_quality_status,quality_notes
Evergreen at Prestige Raintree Park,Phase 1,Prestige Estates Projects Ltd,"SH-35, Varthur Main Road, Whitefield",Whitefield,Residential,Premium,1368,3.0,5.0,2005,3700,14000.0,new_launch,2024-08-30,2024-08-27,PRM/KA/RERA/1251/446/PR/270824/006981,Prestige Estates Projects Ltd,https://www.prestigeconstructions.com/investor-relations/,developer_filing,Prestige Q2 FY25 Investor Presentation,Slide 18 - Project Launches H1 FY25,ACCEPTED,"Verified K-RERA 006981, audited launch realization rate, 25m recency."
Prestige Somerville,Phase 1,Prestige Estates Projects Ltd,"Ramagondanahalli, Varthur Road, Whitefield",Whitefield,Residential,Luxury,306,2.0,4.0,1773,3182,13500.0,new_launch,2024-03-01,2024-02-29,PRM/KA/RERA/1251/446/PR/290224/006660,Prestige Estates Projects Ltd,https://www.prestigeconstructions.com/investor-relations/,developer_filing,Prestige Q4 FY24 Investor Presentation,Slide 16 - New Launches Q4 FY24,ACCEPTED,"Verified K-RERA 006660, audited launch realization rate, 31m recency."
Brigade Sanctuary,Phase 1,Brigade Enterprises Limited,"Chikka Tirupathi Road, Dommasandra Link",Whitefield,Residential,Mid-Premium,1275,1.0,4.0,650,2490,9200.0,new_launch,2023-11-20,2023-11-04,PRM/KA/RERA/1251/446/PR/041123/006372,Brigade Enterprises Limited,https://www.brigadegroup.com/investor/,developer_filing,Brigade Q3 FY24 Investor Presentation,Slide 19 - Residential Launches Q3 FY24,ACCEPTED,"Corrected RERA to 006372; verified K-RERA, launch realization ₹9,200/sqft, 34m recency."
Prestige Park Grove,Phase 1,Prestige Estates Projects Ltd,"Seegehalli, Kadugodi, Whitefield",Whitefield,Residential,Premium,3849,1.0,4.0,658,3856,12200.0,new_launch,2023-08-15,2023-08-10,PRM/KA/RERA/1251/446/PR/100823/006141,Prestige Estates Projects Ltd,https://www.prestigeconstructions.com/investor-relations/,developer_filing,Prestige Q2 FY24 Investor Presentation,Slide 14 - Operational Highlights,QUARANTINED_HISTORICAL,Launched August 2023 (37.4m old; exceeds strict 36.0m recency threshold).
Prestige Lavender Fields,Phase 1,Prestige Estates Projects Ltd,"Gunjur, Varthur, Whitefield",Whitefield,Residential,Premium,1473,1.0,4.0,669,2717,10800.0,new_launch,2023-05-15,2023-04-28,PRM/KA/RERA/1251/446/PR/280423/005904,Prestige Estates Projects Ltd,https://www.prestigeconstructions.com/investor-relations/,developer_filing,Prestige Q1 FY24 Investor Presentation,Slide 17 - Launches Q1 FY24,QUARANTINED_HISTORICAL,Launched April 2023 (41m old; exceeds 36.0m threshold).
Godrej Woodscapes,Phase 1,Godrej Properties Limited,"Budigere Cross, Whitefield North",Old Madras Road-Budigere Cross,Residential,Mid-Premium,2000,2.0,4.0,1198,2898,9000.0,new_launch,2024-06-15,2024-05-30,PRM/KA/RERA/1250/304/PR/300524/006886,Godrej Properties Limited,https://www.godrejproperties.com/investor-relations,developer_filing,Godrej Properties Q1 FY25 Operational Update,Slide 15 - Major Launches Q1 FY25,ACCEPTED,"Verified K-RERA 006886, major Bengaluru launch Q1 FY25, ₹9,000/sqft realization, 27m recency."
Assetz 66 & Shibui,Phase 1,Assetz Property Group,Whitefield Main Road,Whitefield,Residential,Luxury,380,3.0,4.0,2154,2850,14500.0,new_launch,2025-04-10,2025-03-28,PRM/KA/RERA/1251/446/PR/280325/007621,Assetz Property Group,https://rera.karnataka.gov.in/,rera_filing,Karnataka RERA Project Gazette 2025,Registration Certificate PRM/KA/RERA/1251/446/PR/280325/007621,ACCEPTED,"Verified K-RERA 007621, luxury Japanese-themed launch, realization ₹14,500/sqft, 18m recency."
The Prestige City - Avalon Park,Avalon Park,Prestige Estates Projects Ltd,"Sarjapur Road, Yamare Village",Sarjapur Road,Residential,Mid-Premium,950,3.0,4.0,1361,2290,7800.0,new_launch,2021-09-25,2021-09-21,PRM/KA/RERA/1251/308/PR/210921/004313,Prestige Estates Projects Ltd,https://www.prestigeconstructions.com/investor-relations/,developer_filing,Prestige Q2 FY22 Investor Presentation,Slide 21 - Launch Highlights,QUARANTINED_HISTORICAL,Launched Sept 2021 (60m old; exceeds 36.0m threshold).
The Prestige City - Meridian Park,Meridian Park Phase 1,Prestige Estates Projects Ltd,"Sarjapur Road, Yamare Village",Sarjapur Road,Residential,Mid-Premium,890,3.0,3.0,1387,1865,8200.0,new_launch,2022-02-15,2022-02-08,PRM/KA/RERA/1251/308/PR/080222/004701,Prestige Estates Projects Ltd,https://www.prestigeconstructions.com/investor-relations/,developer_filing,Prestige Q4 FY22 Investor Presentation,Slide 19 - Phase 2 Additions,QUARANTINED_HISTORICAL,Launched Feb 2022 (55m old; exceeds 36.0m threshold).
Purva Weaves,Phase 1,Puravankara Limited,"Yemalur, Bellandur, Sarjapur Link",Sarjapur Road,Residential,Luxury,150,3.0,4.0,2200,2900,14500.0,new_launch,2024-07-01,2024-06-28,PRM/KA/RERA/1251/308/PR/280624/006924,Puravankara Limited,https://www.puravankara.com/investor-relations/,developer_filing,Puravankara Q1 FY25 Investor Presentation,Slide 19 - Launches Q1 FY25,NEEDS_REVIEW,Marketed under EOI; RERA registration awaiting gazette upload.
Assetz Ren & Rei,Phase 1,Assetz Property Group,"Sarjapur Road, Near Dommasandra",Sarjapur Road,Residential,Mid-Premium,420,3.0,3.0,1550,1950,9400.0,new_launch,2025-02-25,2025-02-13,PRM/KA/RERA/1251/446/PR/130225/007501,Assetz Property Group,https://rera.karnataka.gov.in/,rera_filing,Karnataka RERA Project Gazette 2025,Registration Certificate PRM/KA/RERA/1251/446/PR/130225/007501,ACCEPTED,"Verified K-RERA 007501, filed launch realization ₹9,400/sqft, 19m recency."
Sobha Crystal Meadows,Phase 1,Sobha Limited,"Chikkakannalli, Off Sarjapur Road",Sarjapur Road,Residential,Luxury,290,4.0,4.0,3850,4850,18500.0,new_launch,2024-03-25,2024-03-20,PRM/KA/RERA/1251/308/PR/200324/006728,Sobha Limited,https://www.sobha.com/investor-relations/,developer_filing,Sobha Q4 FY24 Operational Update,Slide 14 - London Themed Rowhouses,ACCEPTED,"Verified K-RERA 006728, luxury rowhouse launch rate ₹18,500/sqft, 30m recency."
Sobha Neopolis,Phase 1 to Phase 5,Sobha Limited,"Panathur Main Road, Off Marathahalli-ORR",ORR Marathahalli-Sarjapur-HSR,Residential,Premium,1875,1.0,4.0,660,2481,13500.0,new_launch,2023-10-01,2023-09-20,PRM/KA/RERA/1251/446/PR/200923/006269,Sobha Limited,https://www.sobha.com/investor-relations/,developer_filing,Sobha Q2 FY24 Operational Update,Slide 12 - Bengaluru Project Launches,ACCEPTED,"Verified K-RERA multi-phase 006269-006272, Sobha Q2 FY24, exactly 36.0m recency."
Sobha Insignia,Phase 1,Sobha Limited,"Bhoganahalli, Off Marathahalli-ORR",ORR Marathahalli-Sarjapur-HSR,Residential,Luxury,33,3.0,4.0,1819,3413,14000.0,new_launch,2022-12-01,2022-11-22,PRM/KA/RERA/1251/308/PR/221122/005476,Sobha Limited,https://www.sobha.com/investor-relations/,developer_filing,Sobha Q3 FY23 Operational Update,Slide 14 - Bengaluru Luxury Additions,QUARANTINED_HISTORICAL,Launched Nov 2022 (46m old; exceeds 36.0m threshold).
Assetz Mizumi Reserve,Phase 1,Assetz Property Group,"HSR Layout Sector 2, Off ORR",ORR Marathahalli-Sarjapur-HSR,Residential,Luxury,312,2.0,4.0,1470,2476,15500.0,new_launch,2026-02-15,2026-02-04,PRM/KA/RERA/1251/310/PR/040226/008450,Assetz Property Group,https://rera.karnataka.gov.in/,rera_filing,Karnataka RERA Project Gazette 2026,Registration Certificate PRM/KA/RERA/1251/310/PR/040226/008450,ACCEPTED,"Verified K-RERA 008450, HSR sector 2 luxury launch, realization ₹15,500/sqft, 7m recency."
Purva Meraki,Phase 1,Puravankara Limited,"HSR Layout Sector 2, Off ORR",ORR Marathahalli-Sarjapur-HSR,Residential,Ultra-Luxury,44,3.0,4.0,2526,3693,16500.0,new_launch,2024-02-15,2024-01-25,PRM/KA/RERA/1251/310/PR/250124/006598,Puravankara Limited,https://www.puravankara.com/investor-relations/,developer_filing,Puravankara Q4 FY24 Investor Presentation,Slide 21 - Luxury World Homes,ACCEPTED,"Verified K-RERA 006598, HSR boutique ultra-luxury, launch realization ₹16,500/sqft, 32m recency."
Purva Park Hill,Wing A to D,Puravankara Limited,"Kanakapura Road, Near NICE Junction",Kanakapura Road,Residential,Mid-Premium,496,2.0,3.0,1407,1936,8800.0,new_launch,2022-06-15,2022-06-01,PRM/KA/RERA/1251/310/PR/220601/004946,Puravankara Limited,https://www.puravankara.com/investor-relations/,developer_filing,Puravankara Annual Report FY23,Operational Review - South Corridor,QUARANTINED_HISTORICAL,Wing A RERA 004946 registered June 2022 (51.7m old; exceeds 36.0m recency).
Mahindra Eden,Phase 1 & Phase 2,Mahindra Lifespaces,"Holiday Village Road, Vajarahalli, Kanakapura Road",Kanakapura Road,Residential,Mid-Premium,528,1.0,3.5,598,2098,8500.0,new_launch,2022-04-15,2022-03-30,PRM/KA/RERA/1251/310/PR/300322/004794,Mahindra Lifespace Developers Ltd,https://www.mahindralifespaces.com/investor-center,developer_filing,Mahindra Lifespaces Q1 FY23 Investor Presentation,Slide 16 - Project Additions,QUARANTINED_HISTORICAL,Launched April 2022 (53.8m old; exceeds 36.0m threshold).
Assetz Codename Altitude,Phase 1,Assetz Property Group,"Bikasipura, Off Kanakapura Road",Kanakapura Road,Residential,Mid-Premium,380,2.0,3.0,1250,1850,9200.0,new_launch,2025-06-25,2025-06-13,PRM/KA/RERA/1251/310/PR/130625/007828,Assetz Property Group,https://rera.karnataka.gov.in/,rera_filing,Karnataka RERA Project Gazette 2025,Registration Certificate PRM/KA/RERA/1251/310/PR/130625/007828,ACCEPTED,"Verified K-RERA 007828, filed launch realization ₹9,200/sqft, 15m recency."
Prestige Primrose Hills Phase 2,Phase 2,Prestige Estates Projects Ltd,"Banashankari 6th Stage, Kanakapura Road",Kanakapura Road,Residential,Mid,792,1.0,2.0,572,988,6500.0,new_launch,2021-08-20,2021-08-12,PRM/KA/RERA/1251/310/PR/200618/003453,Prestige Estates Projects Ltd,https://www.prestigeconstructions.com/investor-relations/,developer_filing,Prestige Q2 FY22 Investor Presentation,Slide 23 - Affordable/Mid Additions,QUARANTINED_HISTORICAL,Launched 2021 (>60m old; exceeds 36.0m threshold).
Shriram Songs of the Earth,Phase 1,Shriram Properties Limited,"Kambalipur Road, Electronic City",Electronic City,Residential,Mid,480,2.0,3.0,950,1350,6400.0,new_launch,2025-06-20,2025-06-12,PRM/KA/RERA/1251/310/PR/120625/007819,Shriram Properties Limited,https://www.shriramproperties.com/investor-relations,developer_filing,Shriram Properties Q1 FY26 Investor Presentation,Slide 14 - New Project Launches,ACCEPTED,"Verified K-RERA 007819, Shriram Q1 FY26 BSE filing, mid-segment launch rate ₹6,400/sqft, 15m recency."
Shriram Codename Ultimate,Phase 1,Shriram Properties Limited,"Bommasandra, Near Electronic City",Electronic City,Residential,Mid,414,2.0,3.0,850,1250,6100.0,new_launch,2024-02-20,2024-02-09,PRM/KA/RERA/1251/310/PR/090224/006616,Shriram Properties Limited,https://www.shriramproperties.com/investor-relations,developer_filing,Shriram Properties Q4 FY24 Investor Presentation,Slide 16 - Project Highlights,ACCEPTED,"Verified K-RERA 006616, Shriram Q4 FY24 filing, realization ₹6,100/sqft, 31m recency."
Brigade Valencia - Cielo,Tower Cielo,Brigade Enterprises Limited,"Hosur Road, Electronic City",Electronic City,Residential,Mid,662,2.0,3.0,986,1498,7200.0,new_launch,2023-01-20,2023-01-12,PRM/KA/RERA/1251/308/PR/120123/005613,Brigade Enterprises Limited,https://www.brigadegroup.com/investor/,developer_filing,Brigade Q4 FY23 Investor Presentation,Slide 15 - South Bengaluru Spanish Township,QUARANTINED_HISTORICAL,Launched Jan 2023 (44m old; exceeds 36.0m threshold).
Godrej Nurture,Phase 1,Godrej Properties Limited,Electronic City Phase 1,Electronic City,Residential,Mid-Premium,684,1.0,3.0,618,1600,6400.0,new_launch,2020-01-15,2019-12-19,PRM/KA/RERA/1251/308/PR/191219/003088,Godrej Properties Limited,https://www.godrejproperties.com/investor-relations,developer_filing,Godrej Q4 FY20 Investor Presentation,Slide 22 - Bengaluru Additions,QUARANTINED_HISTORICAL,Launched Dec 2019 (>72m old; exceeds 36.0m threshold).
Purva Atmosphere,Phase 1,Puravankara Limited,Thanisandra Main Road,Thanisandra-Hennur,Residential,Luxury,939,2.0,4.0,1390,2420,9800.0,new_launch,2022-03-15,2019-02-04,PRM/KA/RERA/1251/472/PR/190204/002350,Puravankara Limited,https://www.puravankara.com/investor-relations/,developer_filing,Puravankara Operational Disclosures,Portfolio Review 2022,QUARANTINED_HISTORICAL,Registered 2019 (>80m old; exceeds 36.0m threshold).
Sobha Victoria Park,Phase 1,Sobha Limited,Hennur Main Road,Thanisandra-Hennur,Residential,Premium,319,2.0,3.0,1419,1833,9800.0,new_launch,2022-04-10,2022-03-31,PRM/KA/RERA/1251/309/PR/310322/004800,Sobha Limited,https://www.sobha.com/investor-relations/,developer_filing,Sobha Q1 FY23 Operational Update,Slide 16 - North Bengaluru Residential,QUARANTINED_HISTORICAL,Launched March 2022 (54m old; exceeds 36.0m threshold).
Godrej Ananda Phase 3,Phase 3 (Soul),Godrej Properties Limited,"Bagalur Main Road, Near Thanisandra Link",Bagalur,Residential,Mid,1163,1.0,3.0,435,1409,7537.0,new_launch,2023-10-16,2023-10-16,PRM/KA/RERA/1251/309/PR/161023/006323,Bagaluru Micro Market Analysis.xlsx,data/Bagaluru - Micro Market Analysis.xlsx,consultant_project_sheet,Projects List Sheet,Row 8,DUPLICATE,Already present in existing 18 Bagaluru training records. Flagged as DUPLICATE.
Provident Deansgate,Phase 1,Provident Housing Limited,"IVC Road, Devanahalli",Devanahalli-Airport Road,Residential,Mid-Premium,288,3.0,3.0,1900,2200,7500.0,new_launch,2023-12-05,2023-11-28,PRM/KA/RERA/1250/303/PR/281123/006443,Puravankara Limited,https://www.puravankara.com/investor-relations/,developer_filing,Puravankara Q3 FY24 Investor Presentation,Slide 22 - Provident Launches,ACCEPTED,"Verified K-RERA 006443, audited launch realization rate, 34m recency."
Birla Trimaya,Phase 1 (The Hill),Birla Estates Private Limited,"BK Halli Road, Shettigere, Devanahalli",Devanahalli-Airport Road,Residential,Mid-Premium,550,1.0,3.0,511,1980,7400.0,new_launch,2023-09-28,2023-08-30,PRM/KA/RERA/1250/303/PR/300823/006200,Century Textiles & Industries (Birla Estates),https://www.birlaestates.com/investor-relations,developer_filing,Birla Estates Q2 FY24 Operational Release,Page 4 - Bengaluru Township Launch,ACCEPTED,"Verified K-RERA 006200, Century Textiles statutory filing, realization ₹7,400/sqft, 36m recency."
Sobha Oakshire,Phase 1,Sobha Limited,"IVC Road, Devanahalli",Devanahalli-Airport Road,Residential,Luxury,80,4.0,4.0,3441,3441,7800.0,new_launch,2023-02-15,2023-02-08,PRM/KA/RERA/1250/303/PR/080223/005703,Sobha Limited,https://www.sobha.com/investor-relations/,developer_filing,Sobha Q4 FY23 Operational Update,Slide 15 - Plotted/Rowhouse Segment,QUARANTINED_HISTORICAL,Launched Feb 2023 (43m old; exceeds 36.0m threshold).
Brigade Oasis,Phase 1,Brigade Enterprises Limited,"Devanahalli, Near KIA",Devanahalli-Airport Road,Residential,Mid,450,2.0,3.0,1200,2400,6500.0,new_launch,2023-03-10,2023-02-15,PRM/KA/RERA/1250/303/PR/150223/005722,Brigade Enterprises Limited,https://www.brigadegroup.com/investor/,developer_filing,Brigade Q4 FY23 Investor Presentation,Slide 17 - Plotted/Residential Additions,QUARANTINED_HISTORICAL,Launched Feb 2023 (43m old; exceeds 36.0m threshold).
Brigade Insignia,Phase 1,Brigade Enterprises Limited,"Yelahanka, Off Bellary Road",Hebbal-Bellary Road,Residential,Luxury,379,3.0,4.0,2146,2748,11500.0,new_launch,2024-05-25,2024-05-18,PRM/KA/RERA/1251/309/PR/180524/006894,Brigade Enterprises Limited,https://www.brigadegroup.com/investor/,developer_filing,Brigade Q1 FY25 Investor Presentation,Slide 17 - New Launches Q1 FY25,ACCEPTED,"Corrected RERA to 006894; verified K-RERA, launch realization ₹11,500/sqft, 28m recency."
Century WinningKind,Phase 1,Century Real Estate Holdings,"Yelahanka, Doddaballapur Road",Jakkur-Yelahanka,Residential,Mid-Premium,620,2.0,3.0,1155,1760,9500.0,new_launch,2026-03-25,2026-03-20,PRM/KA/RERA/1251/309/PR/200326/008542,Century Real Estate Holdings,https://rera.karnataka.gov.in/,rera_filing,Karnataka RERA Project Registration Gazette 2026,Registration Certificate PRM/KA/RERA/1251/309/PR/200326/008542,ACCEPTED,"Verified K-RERA 008542, Yelahanka township launch realization ₹9,500/sqft, 6m recency."
Assetz Zen & Sato,Phase 1,Assetz Property Group,"Yelahanka, North Bengaluru",Jakkur-Yelahanka,Residential,Premium,340,3.0,4.0,1650,2450,10800.0,new_launch,2025-05-15,2025-05-08,PRM/KA/RERA/1251/472/PR/080525/007728,Assetz Property Group,https://rera.karnataka.gov.in/,rera_filing,Karnataka RERA Project Gazette 2025,Registration Certificate PRM/KA/RERA/1251/472/PR/080525/007728,ACCEPTED,"Verified K-RERA 007728, Japanese-inspired residential launch, realization ₹10,800/sqft, 16m recency."
Brigade Citrine,Phase 1,Brigade Enterprises Limited,"Budigere Cross, Old Madras Road",Old Madras Road-Budigere Cross,Residential,Mid-Premium,496,2.0,4.0,1040,2590,8400.0,new_launch,2024-12-20,2024-12-13,PRM/KA/RERA/1250/304/PR/131224/007287,Brigade Enterprises Limited,https://www.brigadegroup.com/investor/,developer_filing,Brigade Q3 FY25 Investor Presentation,Slide 18 - East Bengaluru Expansion,ACCEPTED,"Corrected RERA to 007287; verified K-RERA, launch realization ₹8,400/sqft, 21m recency."
Brigade Calista,Phase 1,Brigade Enterprises Limited,"Budigere Cross, Old Madras Road",Old Madras Road-Budigere Cross,Residential,Mid,1080,1.0,3.0,670,1785,7800.0,new_launch,2023-03-01,2023-02-21,PRM/KA/RERA/1251/446/PR/210223/005735,Brigade Enterprises Limited,https://www.brigadegroup.com/investor/,developer_filing,Brigade Q4 FY23 Investor Presentation,Slide 16 - Project Additions,QUARANTINED_HISTORICAL,Launched Feb 2023 (43m old; exceeds 36.0m threshold).
Sobha Galera,Phase 1,Sobha Limited,"Kannamangala, Hoskote",Hoskote,Residential,Premium,40,4.0,4.0,3009,3032,8800.0,new_launch,2023-01-25,2023-01-13,PRM/KA/RERA/1251/446/PR/130123/005624,Sobha Limited,https://www.sobha.com/investor-relations/,developer_filing,Sobha Q4 FY23 Operational Update,Slide 18 - East Corridor Launches,QUARANTINED_HISTORICAL,Launched Jan 2023 (44m old; exceeds 36.0m threshold).
Birla Ojasvi,Phase 1,Birla Estates Private Limited,"Rajarajeshwari Nagar, Off Mysore Road",Mysore Road-Uttarahalli-Magadi Road,Residential,Premium,630,1.0,4.0,460,3353,9800.0,new_launch,2024-09-27,2024-09-04,PRM/KA/RERA/1251/310/PR/040924/006989,Century Textiles & Industries (Birla Estates),https://www.birlaestates.com/investor-relations,developer_filing,Birla Estates Q2 FY25 Operational Release,Page 6 - Southwest Bengaluru Expansion,ACCEPTED,"Verified K-RERA 006989, launch date Sept 2024, realization ₹9,800/sqft, 24m recency."
Purva Blubelle,Phase 1,Puravankara Limited,"Magadi Road, Near Metro Station",Mysore Road-Uttarahalli-Magadi Road,Residential,Mid-Premium,378,3.0,3.0,1432,1630,10800.0,new_launch,2023-04-10,2023-03-29,PRM/KA/RERA/1251/310/PR/290323/005829,Puravankara Limited,https://www.puravankara.com/investor-relations/,developer_filing,Puravankara Q1 FY24 Investor Presentation,Slide 21 - West Bangalore Portfolio,QUARANTINED_HISTORICAL,Launched March 2023 (42m old; exceeds 36.0m threshold).
Provident Equinox Phase 6,Phase 6,Provident Housing Limited,"Mysore Road, Near NICE Junction",Mysore Road-Uttarahalli-Magadi Road,Residential,Mid,650,2.0,3.0,883,1082,6500.0,new_launch,2026-09-20,2026-09-20,PRM/KA/RERA/1251/310/PR/200926/007421,Puravankara Limited,https://www.puravankara.com/investor-relations/,developer_filing,Puravankara Operational Release Q1 FY27,NSE Corporate Announcement 20-Sep-2026,NEEDS_REVIEW,"Brand-new launch announced Sept 20, 2026; gazette filing pending public portal upload."
Century Regalia,Phase 1,Century Real Estate Holdings,"Indiranagar, Near Domlur Junction",Indiranagar-Richmond Town-Vasanth Nagar,Residential,Ultra-Luxury,184,3.0,4.0,2375,4600,18000.0,new_launch,2024-05-25,2024-05-17,PRM/KA/RERA/1251/446/PR/170524/006883,Century Real Estate Holdings,https://rera.karnataka.gov.in/,rera_filing,Karnataka RERA Project Registration Gazette 2024,Registration Certificate PRM/KA/RERA/1251/446/PR/170524/006883,ACCEPTED,"Verified K-RERA 006883, ultra-luxury realization ₹18,000/sqft, 28m recency."
Godrej Athena,Phase 1,Godrej Properties Limited,"Indiranagar, HAL Old Airport Road",Indiranagar-Richmond Town-Vasanth Nagar,Residential,Luxury,330,2.0,3.0,1710,2050,16500.0,new_launch,2023-01-15,2023-01-09,PRM/KA/RERA/1251/310/PR/090123/005611,Godrej Properties Limited,https://www.godrejproperties.com/investor-relations,developer_filing,Godrej Q4 FY23 Investor Presentation,Slide 18 - Greaco-Roman Luxury Addition,QUARANTINED_HISTORICAL,Launched Jan 2023 (44m old; exceeds 36.0m threshold).
Purva Orient Grand,Phase 1,Puravankara Limited,"Lalbagh Fort Road, Sudhama Nagar",CBD Lavelle-MG-Richmond,Residential,Ultra-Luxury,97,3.0,4.0,1902,3200,18500.0,new_launch,2021-10-01,2021-09-21,PRM/KA/RERA/1251/310/PR/210921/004315,Puravankara Limited,https://www.puravankara.com/investor-relations/,developer_filing,Puravankara Annual Report FY22,Slide 34 - World Home Collection,QUARANTINED_HISTORICAL,Launched Sept 2021 (60m old; exceeds 36.0m threshold).
Prestige Southern Star,Phase 1,Prestige Estates Projects Ltd,"Begur Road, Off Bannerghatta Road",Hosur Road-Begur,Residential,Premium,2090,1.0,4.0,650,2800,10500.0,new_launch,2025-03-25,2025-03-21,PRM/KA/RERA/1251/310/PR/210325/007603,Prestige Estates Projects Ltd,https://www.prestigeconstructions.com/investor-relations/,developer_filing,Prestige Q4 FY25 Investor Presentation,Slide 21 - Launch Additions,ACCEPTED,"Verified K-RERA 007603, launch realization INR 10,500/sqft, 18m recency."
Prestige Camden Gardens,Phase 1,Prestige Estates Projects Ltd,Thanisandra Main Road,Thanisandra-Hennur,Residential,Premium,120,3.0,4.0,1578,2732,12500.0,new_launch,2024-06-18,2024-06-12,PRM/KA/RERA/1251/472/PR/120624/006900,Prestige Estates Projects Ltd,https://www.prestigeconstructions.com/investor-relations/,developer_filing,Prestige Q1 FY25 Investor Presentation,Slide 16 - New Launches Q1 FY25,ACCEPTED,"Verified K-RERA 006900, launch realization INR 12,500/sqft, 27m recency."
Prestige Pine Forest,Phase 1,Prestige Estates Projects Ltd,"Pattandur Agrahara, Whitefield",Whitefield,Residential,Luxury,316,3.0,4.0,2442,3556,13200.0,new_launch,2024-09-28,2024-09-25,PRM/KA/RERA/1251/446/PR/250924/007050,Prestige Estates Projects Ltd,https://www.prestigeconstructions.com/investor-relations/,developer_filing,Prestige Q2 FY25 Investor Presentation,Slide 19 - New Launches Q2 FY25,ACCEPTED,"Verified K-RERA 007050, launch realization INR 13,200/sqft, 24m recency."
Prestige Elm Park,Phase 1,Prestige Estates Projects Ltd,"Channasandra Main Road, Whitefield",Whitefield,Residential,Premium,192,3.0,4.0,1790,2575,9800.0,new_launch,2023-01-30,2023-01-25,PRM/KA/RERA/1251/446/PR/250123/005667,Prestige Estates Projects Ltd,https://www.prestigeconstructions.com/investor-relations/,developer_filing,Prestige Q4 FY23 Investor Presentation,Slide 15 - Operational Track Record,QUARANTINED_HISTORICAL,Launched Jan 2023 (44m old; exceeds 36.0m threshold).
Prestige Finsbury Park - Regent,Phase 1,Prestige Estates Projects Ltd,Bagalur KIADB Aerospace Park,Bagalur,Residential,Mid,958,3.0,3.0,999,999,4850.0,new_launch,2019-12-10,2019-12-06,PRM/KA/RERA/1251/472/PR/191206/003057,Prestige Estates Projects Ltd,https://www.prestigeconstructions.com/investor-relations/,developer_filing,Prestige Q3 FY20 Investor Presentation,Slide 22 - Bagalur Launches,DUPLICATE,Duplicate of physical development in existing 18 Bagaluru training rows (Finsbury Park cluster).
Sobha Ayana,Phase 1,Sobha Limited,"Panathur Main Road, Balagere",ORR Marathahalli-Sarjapur-HSR,Residential,Luxury,480,1.0,2.0,650,1200,14000.0,new_launch,2024-10-20,2024-10-14,PRM/KA/RERA/1251/446/PR/141024/007130,Sobha Limited,https://www.sobha.com/investor-relations/,developer_filing,Sobha Q3 FY25 Investor Presentation,Slide 14 - Panathur Launches,ACCEPTED,"Verified K-RERA 007130, launch realization INR 14,000/sqft, 23m recency."
Sobha Infinia,Phase 1,Sobha Limited,Koramangala 3rd Block,Koramangala,Residential,Ultra-Luxury,340,3.0,4.0,2100,3400,22000.0,new_launch,2024-07-05,2024-06-28,PRM/KA/RERA/1251/310/PR/280624/006950,Sobha Limited,https://www.sobha.com/investor-relations/,developer_filing,Sobha Q1 FY25 Investor Presentation,Slide 18 - Super Luxury Launch Koramangala,ACCEPTED,"Verified K-RERA 006950, launch realization INR 22,000/sqft, 27m recency."
Sobha Sentosa,Phase 1,Sobha Limited,"Panathur Main Road, Balagere",ORR Marathahalli-Sarjapur-HSR,Residential,Premium,533,1.0,3.0,689,1804,9200.0,new_launch,2022-02-15,2022-02-10,PRM/KA/RERA/1251/446/PR/100222/004694,Sobha Limited,https://www.sobha.com/investor-relations/,developer_filing,Sobha Q4 FY22 Investor Presentation,Slide 20 - Sentosa Addition,QUARANTINED_HISTORICAL,Launched Feb 2022 (55m old; exceeds 36.0m threshold).
Sobha Royal Crest,Phase 1,Sobha Limited,"Banashankari 3rd Stage, Mysore Road",Mysore Road-Uttarahalli-Magadi Road,Residential,Luxury,329,3.0,4.0,1853,3448,9800.0,new_launch,2022-06-05,2022-05-30,PRM/KA/RERA/1251/310/PR/300522/004938,Sobha Limited,https://www.sobha.com/investor-relations/,developer_filing,Sobha Q1 FY23 Investor Presentation,Slide 17 - South Bangalore Castle Collection,QUARANTINED_HISTORICAL,Launched May 2022 (52m old; exceeds 36.0m threshold).
Sobha Brooklyn Towers,Phase 1,Sobha Limited,Electronic City Phase 1,Electronic City,Residential,Mid-Premium,1305,1.0,3.0,495,1864,6200.0,new_launch,2021-05-25,2021-05-18,PRM/KA/RERA/1251/308/PR/210518/004160,Sobha Limited,https://www.sobha.com/investor-relations/,developer_filing,Sobha Q1 FY22 Investor Presentation,Slide 19 - Townpark Phase 1,QUARANTINED_HISTORICAL,Launched May 2021 (64m old; exceeds 36.0m threshold).
Brigade Horizon,Phase 1,Brigade Enterprises Limited,"Kambipura, Mysore Road",Mysore Road-Uttarahalli-Magadi Road,Residential,Mid,372,2.0,3.0,1050,1450,6800.0,new_launch,2022-10-15,2022-10-06,PRM/KA/RERA/1251/310/PR/061022/005300,Brigade Enterprises Limited,https://www.brigadegroup.com/investor/,developer_filing,Brigade Q3 FY23 Investor Presentation,Slide 21 - Residential Launches FY23,QUARANTINED_HISTORICAL,Launched Oct 2022 (47m old; exceeds 36.0m threshold).
Brigade Valencia - Bonito,Phase 2,Brigade Enterprises Limited,"Chandapura-Anekal Main Road, Electronic City",Electronic City,Residential,Mid-Premium,540,2.0,3.0,980,1490,7000.0,new_launch,2024-02-01,2024-01-24,PRM/KA/RERA/1251/308/PR/240124/006580,Brigade Enterprises Limited,https://www.brigadegroup.com/investor/,developer_filing,Brigade Q4 FY24 Investor Presentation,Slide 17 - New Phase Launches Q4 FY24,ACCEPTED,"Verified K-RERA 006580, launch realization INR 7,000/sqft, 32m recency."
Brigade Laguna,Phase 1,Brigade Enterprises Limited,"Rachenahalli Lake, Hebbal",Hebbal-Bellary Road,Residential,Luxury,214,2.0,3.0,1190,1880,9400.0,new_launch,2022-08-25,2022-08-19,PRM/KA/RERA/1251/309/PR/190822/005170,Brigade Enterprises Limited,https://www.brigadegroup.com/investor/,developer_filing,Brigade Q2 FY23 Investor Presentation,Slide 19 - North Bengaluru Launches,QUARANTINED_HISTORICAL,Launched Aug 2022 (49m old; exceeds 36.0m threshold).
Brigade Gem,Phase 1,Brigade Enterprises Limited,"Chikkanayakanahalli, Sarjapur Road",Sarjapur Road,Residential,Mid-Premium,138,2.0,3.0,1125,1543,6800.0,new_launch,2021-03-25,2021-03-19,PRM/KA/RERA/1251/446/PR/210319/004042,Brigade Enterprises Limited,https://www.brigadegroup.com/investor/,developer_filing,Brigade Q4 FY21 Investor Presentation,Slide 24 - Boutique Launches,QUARANTINED_HISTORICAL,Launched Mar 2021 (66m old; exceeds 36.0m threshold).
Purva Aerocity,Phase 1,Puravankara Limited,"Chikkajala, Airport Road",Devanahalli-Airport Road,Residential,Premium,320,2.0,3.5,1250,2150,8500.0,new_launch,2024-06-25,2024-06-20,PRM/KA/RERA/1250/303/PR/200624/006930,Puravankara Limited,https://www.puravankara.com/investor-relations/,developer_filing,Puravankara Q1 FY25 Investor Presentation,Slide 19 - North Bengaluru Pipeline,ACCEPTED,"Verified K-RERA 006930, launch realization INR 8,500/sqft, 27m recency."
Purva Tranquillity,Phase 1,Puravankara Limited,"Sarjapur-Attibele Road, S Medahalli",Sarjapur Road,Plotted,Plotted Development,800,0.0,0.0,1200,2400,4500.0,new_launch,2024-01-30,2024-01-23,PRM/KA/RERA/1251/308/PR/230124/006575,Puravankara Limited,https://www.puravankara.com/investor-relations/,developer_filing,Puravankara Q4 FY24 Investor Presentation,Slide 23 - Purva Land Plotted Additions,NEEDS_REVIEW,"Plotted development realization (INR 4,500/sqft); requires apartment-vs-plot normalization."
Purva Promenade,Phase 1,Puravankara Limited,Hennur Main Road,Thanisandra-Hennur,Residential,Premium,152,2.0,3.0,1232,1780,7200.0,new_launch,2020-02-25,2020-02-18,PRM/KA/RERA/1251/472/PR/180220/003290,Puravankara Limited,https://www.puravankara.com/investor-relations/,developer_filing,Puravankara Q4 FY20 Investor Presentation,Slide 21 - North Bengaluru Launches,QUARANTINED_HISTORICAL,Launched Feb 2020 (79m old; exceeds 36.0m threshold).
Provident Ecopolitan,Phase 1,Provident Housing Limited,"KIADB Aerospace Park, Bagalur",Bagalur,Residential,Mid,1000,1.0,3.0,616,1427,6800.0,new_launch,2023-08-30,2023-08-25,PRM/KA/RERA/1250/303/PR/250823/006190,Puravankara Limited,https://www.puravankara.com/investor-relations/,developer_filing,Puravankara Q2 FY24 Investor Presentation,Slide 16 - Provident Sustainable Housing Launch,DUPLICATE,Duplicate of physical development in existing 18 Bagaluru training rows (Aerospace cluster).
Provident Capella,Phase 1,Provident Housing Limited,"Soukya Road, Whitefield East",Whitefield,Residential,Mid,763,1.0,2.5,568,1110,5400.0,new_launch,2019-06-15,2019-06-06,PRM/KA/RERA/1250/304/PR/190606/002596,Puravankara Limited,https://www.puravankara.com/investor-relations/,developer_filing,Puravankara Q1 FY20 Investor Presentation,Slide 26 - Provident Pods & Homes,QUARANTINED_HISTORICAL,Launched June 2019 (87m old; exceeds 36.0m threshold).
Godrej Lakeside Orchard,Phase 1,Godrej Properties Limited,"Chikkakannalli, Sarjapur Road",Sarjapur Road,Residential,Premium,1050,2.0,4.5,1215,2680,11000.0,new_launch,2024-10-10,2024-10-04,PRM/KA/RERA/1251/308/PR/041024/007115,Godrej Properties Limited,https://www.godrejproperties.com/investor-relations,developer_filing,Godrej Properties Q3 FY25 Investor Presentation,Slide 16 - Bengaluru New Project Launch,ACCEPTED,"Verified K-RERA 007115, launch realization INR 11,000/sqft, 23m recency."
Godrej Park Retreat,Phase 1,Godrej Properties Limited,"Chikkakannalli, Sarjapur Road",Sarjapur Road,Residential,Mid-Premium,940,1.0,3.0,598,1471,7200.0,new_launch,2022-03-05,2022-02-28,PRM/KA/RERA/1251/308/PR/280222/004737,Godrej Properties Limited,https://www.godrejproperties.com/investor-relations,developer_filing,Godrej Properties Q4 FY22 Investor Presentation,Slide 18 - Bengaluru Launches,QUARANTINED_HISTORICAL,Launched Feb 2022 (55m old; exceeds 36.0m threshold).
Godrej Splendour,Phase 1,Godrej Properties Limited,"Belathur, Whitefield",Whitefield,Residential,Mid-Premium,1161,1.0,3.0,605,1234,7800.0,new_launch,2022-06-25,2022-06-16,PRM/KA/RERA/1251/446/PR/160622/004987,Godrej Properties Limited,https://www.godrejproperties.com/investor-relations,developer_filing,Godrej Properties Q1 FY23 Investor Presentation,Slide 21 - Whitefield Growth,QUARANTINED_HISTORICAL,Launched June 2022 (51m old; exceeds 36.0m threshold).
Shriram Solitaire,Phase 1,Shriram Properties Limited,Yelahanka New Town,Jakkur-Yelahanka,Residential,Mid,196,2.0,3.0,1010,1420,7800.0,new_launch,2024-05-05,2024-04-29,PRM/KA/RERA/1251/309/PR/290424/006840,Shriram Properties Limited,https://www.shriramproperties.com/investor-relations,developer_filing,Shriram Q1 FY25 Investor Presentation,Slide 15 - North Bengaluru Launches,ACCEPTED,"Verified K-RERA 006840, launch realization INR 7,800/sqft, 29m recency."
Shriram Poem,Phase 1,Shriram Properties Limited,"Jalahalli, West Bengaluru",Malleshwaram-Rajajinagar-Yeshwanthpur,Residential,Mid-Premium,660,2.0,3.5,950,1900,7100.0,new_launch,2022-03-25,2022-03-18,PRM/KA/RERA/1251/309/PR/180322/004778,Shriram Properties Limited,https://www.shriramproperties.com/investor-relations,developer_filing,Shriram Q4 FY22 Investor Presentation,Slide 18 - Jalahalli Launch,QUARANTINED_HISTORICAL,Launched Mar 2022 (54m old; exceeds 36.0m threshold).
Shriram WYTField,Phase 1,Shriram Properties Limited,"Budigere Cross, OMR",Old Madras Road-Budigere Cross,Residential,Mid,380,2.0,3.0,1025,1390,6400.0,new_launch,2023-05-25,2023-05-18,PRM/KA/RERA/1250/304/PR/180523/005940,Shriram Properties Limited,https://www.shriramproperties.com/investor-relations,developer_filing,Shriram Q1 FY24 Investor Presentation,Slide 17 - Greenfield Phase Extension,QUARANTINED_HISTORICAL,Launched May 2023 (40m old; exceeds 36.0m threshold).
Mahindra Zen,Phase 1,Mahindra Lifespaces,"Singasandra, Hosur Road",Hosur Road-Begur,Residential,Premium,256,3.0,4.0,1780,2400,11200.0,new_launch,2024-03-20,2024-03-15,PRM/KA/RERA/1251/310/PR/150324/006710,Mahindra Lifespaces,https://www.mahindralifespaces.com/investors/,developer_filing,Mahindra Lifespaces Q4 FY24 Investor Presentation,Slide 14 - Bengaluru Singasandra Launch,ACCEPTED,"Verified K-RERA 006710, launch realization INR 11,200/sqft, 30m recency."
Century Trails,Phase 1,Century Real Estate Holdings,"Devanahalli, Airport Corridor",Devanahalli-Airport Road,Plotted,Plotted Development,346,0.0,0.0,1200,2400,6500.0,new_launch,2024-02-15,2024-02-09,PRM/KA/RERA/1250/303/PR/090224/006620,Century Real Estate Holdings,https://rera.karnataka.gov.in/,rera_filing,Karnataka RERA Gazette 2024,Registration Certificate PRM/KA/RERA/1250/303/PR/090224/006620,NEEDS_REVIEW,"Plotted development realization (INR 6,500/sqft); requires apartment-vs-plot normalization."
Century Ethos,Phase 1,Century Real Estate Holdings,"Bellary Road, Hebbal",Hebbal-Bellary Road,Residential,Luxury,333,3.0,4.0,2850,4900,10500.0,new_launch,2017-10-25,2017-10-14,PRM/KA/RERA/1251/309/PR/171014/000283,Century Real Estate Holdings,https://rera.karnataka.gov.in/,rera_filing,Karnataka RERA Gazette 2017,Registration Certificate PRM/KA/RERA/1251/309/PR/171014/000283,QUARANTINED_HISTORICAL,Launched Oct 2017 (107m old; exceeds 36.0m threshold).
Assetz Sora & Saki,Phase 1,Assetz Property Group,"KIADB Aerospace Park, Bagalur",Bagalur,Residential,Mid-Premium,650,2.0,3.0,1150,1650,7500.0,new_launch,2023-12-05,2023-11-27,PRM/KA/RERA/1250/303/PR/271123/006435,Assetz Property Group,https://rera.karnataka.gov.in/,rera_filing,Karnataka RERA Gazette 2023,Registration Certificate PRM/KA/RERA/1250/303/PR/271123/006435,DUPLICATE,Duplicate of physical development in existing 18 Bagaluru training rows (Aerospace cluster).
Assetz Bloom & Dell,Phase 1,Assetz Property Group,"Whitefield Extension, Doddabanahalli",Whitefield,Residential,Premium,394,3.0,4.0,1839,2420,8400.0,new_launch,2023-03-30,2023-03-24,PRM/KA/RERA/1251/446/PR/240323/005810,Assetz Property Group,https://rera.karnataka.gov.in/,rera_filing,Karnataka RERA Gazette 2023,Registration Certificate PRM/KA/RERA/1251/446/PR/240323/005810,QUARANTINED_HISTORICAL,Launched March 2023 (42m old; exceeds 36.0m threshold).
Assetz Canvas & Cove,Phase 1,Assetz Property Group,"Begur Road, Hosur Road Corridor",Hosur Road-Begur,Residential,Mid,1354,1.0,3.0,580,1330,5800.0,new_launch,2021-01-30,2021-01-21,PRM/KA/RERA/1251/310/PR/210121/003800,Assetz Property Group,https://rera.karnataka.gov.in/,rera_filing,Karnataka RERA Gazette 2021,Registration Certificate PRM/KA/RERA/1251/310/PR/210121/003800,QUARANTINED_HISTORICAL,Launched Jan 2021 (68m old; exceeds 36.0m threshold).
Total Environment Down by the Water,Phase 1,Total Environment Building Systems,"Jakkur Lake, Jakkur",Jakkur-Yelahanka,Residential,Ultra-Luxury,540,3.0,4.0,2800,4400,17000.0,new_launch,2024-06-15,2024-06-06,PRM/KA/RERA/1251/309/PR/060624/006915,Total Environment Building Systems,https://rera.karnataka.gov.in/,rera_filing,Karnataka RERA Gazette 2024,Registration Certificate PRM/KA/RERA/1251/309/PR/060624/006915,ACCEPTED,"Verified K-RERA 006915, audited launch realization rate INR 17,000/sqft, 27m recency."
Total Environment In That Quiet Earth,Phase 1,Total Environment Building Systems,Hennur Main Road,Thanisandra-Hennur,Residential,Ultra-Luxury,560,2.0,4.0,1431,2890,7200.0,new_launch,2018-06-10,2018-06-02,PRM/KA/RERA/1251/446/PR/180602/001854,Total Environment Building Systems,https://rera.karnataka.gov.in/,rera_filing,Karnataka RERA Gazette 2018,Registration Certificate PRM/KA/RERA/1251/446/PR/180602/001854,QUARANTINED_HISTORICAL,Launched June 2018 (99m old; exceeds 36.0m threshold).
Casagrand Zaiden,Phase 1,Casagrand Builder Private Limited,Hennur Main Road,Thanisandra-Hennur,Residential,Mid-Premium,246,2.0,3.0,1150,1820,8400.0,new_launch,2024-01-25,2024-01-19,PRM/KA/RERA/1251/472/PR/190124/006560,Casagrand Builder Private Limited,https://rera.karnataka.gov.in/,rera_filing,Karnataka RERA Gazette 2024,Registration Certificate PRM/KA/RERA/1251/472/PR/190124/006560,ACCEPTED,"Verified K-RERA 006560, launch realization INR 8,400/sqft, 32m recency."
Casagrand Aquene,Phase 1,Casagrand Builder Private Limited,"Kengeri, Mysore Road",Mysore Road-Uttarahalli-Magadi Road,Residential,Mid,333,2.0,3.0,1050,1620,5200.0,new_launch,2022-04-28,2022-04-21,PRM/KA/RERA/1251/310/PR/210422/004845,Casagrand Builder Private Limited,https://rera.karnataka.gov.in/,rera_filing,Karnataka RERA Gazette 2022,Registration Certificate PRM/KA/RERA/1251/310/PR/210422/004845,QUARANTINED_HISTORICAL,Launched Apr 2022 (53m old; exceeds 36.0m threshold).
TVS Emerald Isle of Trees,Phase 1,TVS Emerald (Emerald Haven Realty Ltd),"Rachenahalli Lake, Thanisandra",Thanisandra-Hennur,Residential,Luxury,154,3.0,4.0,1500,2400,10500.0,new_launch,2024-03-08,2024-03-01,PRM/KA/RERA/1251/472/PR/010324/006670,Emerald Haven Realty Ltd,https://rera.karnataka.gov.in/,rera_filing,Karnataka RERA Gazette 2024,Registration Certificate PRM/KA/RERA/1251/472/PR/010324/006670,ACCEPTED,"Verified K-RERA 006670, launch realization INR 10,500/sqft, 30m recency."
Rohan Antara,Phase 1,Rohan Builders,"Gunjur, Varthur Main Road",Whitefield,Residential,Mid-Premium,178,1.5,3.0,850,1650,9200.0,new_launch,2023-12-28,2023-12-20,PRM/KA/RERA/1251/446/PR/201223/006490,Rohan Builders & Developers,https://rera.karnataka.gov.in/,rera_filing,Karnataka RERA Gazette 2023,Registration Certificate PRM/KA/RERA/1251/446/PR/201223/006490,ACCEPTED,"Verified K-RERA 006490, launch realization INR 9,200/sqft, 33m recency."
